Workbook

Sheet Visual
A1: 1 | B1: 1 | C1: 1 | D1: 1 | E1: 1 | F1: 1 | G1: 1 | H1: 1
D2: 1 | H2: 1
D3: 1 | H3: 1
A4: 1 | B4: 1 | C4: 1 | D4: 1 | E4: 1 | F4: 1 | G4: 1 | H4: 1
A5: 1 | B5: 1 | C5: 1 | D5: 1 | E5: 1 | F5: 1 | G5: 1 | H5: 1
B6: 1 | F6: 1
B7: 1 | F7: 1
A8: 1 | B8: 1 | C8: 1 | D8: 1 | E8: 1 | F8: 1 | G8: 1 | H8: 1

Sheet Binary
A1: =Visual!A1 -> 1 | B1: =Visual!B1 -> 1 | C1: =Visual!C1 -> 1 | D1: =Visual!D1 -> 1 | E1: =Visual!E1 -> 1 | F1: =Visual!F1 -> 1 | G1: =Visual!G1 -> 1 | H1: =Visual!H1 -> 1
A2: =Visual!A2 -> 0 | B2: =Visual!B2 -> 0 | C2: =Visual!C2 -> 0 | D2: =Visual!D2 -> 1 | E2: =Visual!E2 -> 0 | F2: =Visual!F2 -> 0 | G2: =Visual!G2 -> 0 | H2: =Visual!H2 -> 1
A3: =Visual!A3 -> 0 | B3: =Visual!B3 -> 0 | C3: =Visual!C3 -> 0 | D3: =Visual!D3 -> 1 | E3: =Visual!E3 -> 0 | F3: =Visual!F3 -> 0 | G3: =Visual!G3 -> 0 | H3: =Visual!H3 -> 1
A4: =Visual!A4 -> 1 | B4: =Visual!B4 -> 1 | C4: =Visual!C4 -> 1 | D4: =Visual!D4 -> 1 | E4: =Visual!E4 -> 1 | F4: =Visual!F4 -> 1 | G4: =Visual!G4 -> 1 | H4: =Visual!H4 -> 1
A5: =Visual!A5 -> 1 | B5: =Visual!B5 -> 1 | C5: =Visual!C5 -> 1 | D5: =Visual!D5 -> 1 | E5: =Visual!E5 -> 1 | F5: =Visual!F5 -> 1 | G5: =Visual!G5 -> 1 | H5: =Visual!H5 -> 1
A6: =Visual!A6 -> 0 | B6: =Visual!B6 -> 1 | C6: =Visual!C6 -> 0 | D6: =Visual!D6 -> 0 | E6: =Visual!E6 -> 0 | F6: =Visual!F6 -> 1 | G6: =Visual!G6 -> 0 | H6: =Visual!H6 -> 0
A7: =Visual!A7 -> 0 | B7: =Visual!B7 -> 1 | C7: =Visual!C7 -> 0 | D7: =Visual!D7 -> 0 | E7: =Visual!E7 -> 0 | F7: =Visual!F7 -> 1 | G7: =Visual!G7 -> 0 | H7: =Visual!H7 -> 0
A8: =Visual!A8 -> 1 | B8: =Visual!B8 -> 1 | C8: =Visual!C8 -> 1 | D8: =Visual!D8 -> 1 | E8: =Visual!E8 -> 1 | F8: =Visual!F8 -> 1 | G8: =Visual!G8 -> 1 | H8: =Visual!H8 -> 1

Sheet Code
A1: =_xlfn.CONCAT("DB %",Binary!A1:H1) -> DB %11111111
A2: =_xlfn.CONCAT("DB %",Binary!A2:H2) -> DB %00010001
A3: =_xlfn.CONCAT("DB %",Binary!A3:H3) -> DB %00010001
A4: =_xlfn.CONCAT("DB %",Binary!A4:H4) -> DB %11111111
A5: =_xlfn.CONCAT("DB %",Binary!A5:H5) -> DB %11111111
A6: =_xlfn.CONCAT("DB %",Binary!A6:H6) -> DB %01000100
A7: =_xlfn.CONCAT("DB %",Binary!A7:H7) -> DB %01000100
A8: =_xlfn.CONCAT("DB %",Binary!A8:H8) -> DB %11111111
